global_epoch,phase,phase_epoch,train_loss,val_loss,train_accuracy,val_accuracy,train_balanced_accuracy,val_balanced_accuracy,train_macro_f1,val_macro_f1,train_qwk,val_qwk,learning_rate_backbone,learning_rate_head
1,1,1,0.8857651955331676,0.7123673118042991,0.3736979166666667,0.4464895635673624,0.374297102588279,0.4082973350840263,0.37312635391821586,0.2749029610388999,0.492580109756788,0.3004333226349153,0.0,0.0003
2,1,2,0.8225446913857013,0.8272698035502569,0.4001057942708333,0.318595825426945,0.40135195891327874,0.4057907819953167,0.4001767083053768,0.24757026031727242,0.5368877924822806,0.2529498787064458,0.0,0.00029265847744427303
3,1,3,0.8018699270129824,0.6827747080764915,0.4114583333333333,0.4759013282732448,0.4110720175846563,0.4143583250683994,0.409435407515417,0.2971903780874863,0.5453770914651889,0.30672410284361495,0.0,0.0002713525491562421
4,1,4,0.7869638681101302,0.7281384083532518,0.4138997395833333,0.3899430740037951,0.4141396878119227,0.42919279700781965,0.41260052162719585,0.28180501616039677,0.5622252214125818,0.29157407253836176,0.0,0.00023816778784387096
5,1,5,0.7762853355185749,0.7391417447484648,0.4193115234375,0.3717267552182163,0.42088784078758923,0.4112795391633183,0.418934305144713,0.2711077069015592,0.5626521395115884,0.29862039558535136,0.0,0.0001963525491562421
6,1,6,0.778250571883594,0.6559164400118804,0.4168701171875,0.47020872865275143,0.4173450574427221,0.3977601832394133,0.4150809573230779,0.29513220989380157,0.5616458498793127,0.330952565534276,0.0,0.00015
7,1,7,0.7583716910836907,,0.4278564453125,0.40550284629981026,0.4277595205775565,0.403505471135137,0.4256547653582608,0.28899442569748046,0.570182061744906,0.3248052411479172,0.0,0.0001036474508437579
8,1,8,0.7484221004609329,,0.432861328125,0.4696394686907021,0.4334811541848776,0.41406397092809577,0.4309582559523074,0.30140495154492075,0.5708107760081673,0.34066969298997196,0.0,6.183221215612905e-05
9,1,9,0.7505250877778357,,0.434326171875,0.46261859582542697,0.43470709534105795,0.42256322613250835,0.43223441310014615,0.31191415840178266,0.5716225660476135,0.3527368021542867,0.0,2.86474508437579e-05
10,1,10,0.747502496097392,0.6498812187328736,0.4351806640625,0.4442125237191651,0.43556601871725287,0.4301394037236938,0.4332489589825269,0.31395969168731835,0.5704476431987697,0.35054321090682605,0.0,7.341522555726971e-06
11,2,1,0.729602393694222,0.6872479821518205,0.4400634765625,0.4115749525616698,0.4377972919707197,0.4468606266421163,0.4356250173372227,0.2995974598488925,0.5903459470634091,0.33603448789544077,1e-05,0.0001
12,2,2,0.7025350565672852,0.6396750844180923,0.4552408854166667,0.4258064516129032,0.4556045646090432,0.4354682538415441,0.4535301445576062,0.30293640169032554,0.6172082555297614,0.3774997061984512,9.960573506572391e-06,9.96057350657239e-05
13,2,3,0.6756566050850475,,0.4621175130208333,0.5121442125237191,0.4635121848859895,0.4633063092767326,0.46284343579971277,0.34313825322051394,0.6417471465598776,0.4188175998246906,9.842915805643156e-06,9.842915805643155e-05
14,2,4,0.6627892979498332,,0.4768880208333333,0.4889943074003795,0.4758487942586215,0.4669012097556758,0.47487594601427735,0.34644572104686244,0.6559518008978971,0.4091162754789903,9.648882429441258e-06,9.648882429441257e-05
15,2,5,0.6461209408589639,,0.479736328125,0.5161290322580645,0.4793109294717556,0.4648328476857569,0.47855035179061894,0.3435432920183913,0.6630830327054762,0.4236188950296019,9.381533400219319e-06,9.381533400219318e-05
16,2,6,0.6266773793225487,0.5478162708273423,0.4917399088541667,0.5250474383301708,0.4912730305954628,0.48283426562479903,0.49058699646754905,0.37470347597562326,0.6785728260574634,0.45618926251678593,9.045084971874738e-06,9.045084971874738e-05
17,2,7,0.6079914286868492,0.5298788721466426,0.497314453125,0.535483870967742,0.49754173862299356,0.4766379071208246,0.49693462558796453,0.3892437664587596,0.6865539659933793,0.46092876918985204,8.644843137107058e-06,8.644843137107059e-05
18,2,8,0.5858084709616378,,0.5112711588541666,0.4263757115749526,0.5116313783647614,0.4898313683352435,0.5113800338654116,0.35761212203015696,0.7093200812671719,0.44076698586554275,8.18711994874345e-06,8.18711994874345e-05
19,2,9,0.5903542111627758,0.5410628679807543,0.5063883463541666,0.48652751423149904,0.5065827114513878,0.5023402134251603,0.5056390436260161,0.3772496629591963,0.7071746794157583,0.4751639355524423,7.679133974894982e-06,7.679133974894983e-05
20,2,10,0.5793043768984111,0.590439219130963,0.510009765625,0.4108159392789374,0.5113789281459804,0.4891423941398333,0.5107809336212574,0.341675906831375,0.7056447474374404,0.437891173286136,7.128896457825363e-06,7.128896457825363e-05
21,2,11,0.5659099081531167,0.525812294112211,0.5226236979166666,0.5083491461100569,0.5229338936796287,0.49370127734404157,0.5224322870085322,0.3672699750134659,0.7184867424542586,0.4701727154170776,6.545084971874737e-06,6.545084971874737e-05
22,2,12,0.5610584977354544,,0.5275065104166666,0.5442125237191651,0.5273736621320262,0.4867991343050715,0.5267259093374591,0.38495903852033986,0.7203323594146991,0.4723817193539237,5.936906572928624e-06,5.936906572928624e-05
23,2,13,0.5547387224505655,,0.5281168619791666,0.4480075901328273,0.5272412806788267,0.48927555146819957,0.5270691459435819,0.37033399417961127,0.7254294392403842,0.46317331344843893,5.3139525976465675e-06,5.313952597646568e-05
24,2,14,0.5492328301285548,,0.5346272786458334,0.5726755218216318,0.5345283586692123,0.48182613693531745,0.5338505134042225,0.3996229648385308,0.7255674011474496,0.5077423763860418,4.686047402353433e-06,4.6860474023534335e-05
25,2,15,0.5389936831779778,0.5097645086513751,0.5384521484375,0.5381404174573055,0.5378017470708862,0.5027721902784992,0.5373062448615955,0.4002353203791766,0.7394367224086225,0.49550913749292236,4.063093427071377e-06,4.0630934270713774e-05
26,2,16,0.5326191536926975,0.49715998982568843,0.5482177734375,0.5341555977229602,0.5460639324780203,0.5064805003350612,0.5459800091903597,0.40449462221329363,0.739777455690726,0.5025932498757186,3.4549150281252644e-06,3.454915028125265e-05
27,2,17,0.5246210413170047,0.4823158411644894,0.5483805338541666,0.5544592030360531,0.5487084549440543,0.49986032387575097,0.5484746151110784,0.40851258713226357,0.7361368751653529,0.5142531668519945,2.8711035421746364e-06,2.871103542174637e-05
28,2,18,0.5230407543325176,0.5137144639324644,0.5514729817708334,0.47552182163187856,0.5515330830552616,0.49897090491585605,0.5511089408630815,0.39581402693856554,0.742459535098408,0.48463668846626684,2.320866025105015e-06,2.3208660251050158e-05
29,2,19,0.5277807710129613,0.5302688596370777,0.547119140625,0.4988614800759013,0.5490942715901179,0.5069495079350463,0.5486820878219993,0.38909518501047385,0.7393649818553873,0.4867928859148596,1.8128800512565508e-06,1.8128800512565513e-05
30,2,20,0.5174527628793536,0.4992161689266082,0.5591634114583334,0.5362428842504744,0.5585662715267347,0.5054175435756264,0.5582099557980912,0.4036367527491139,0.7490656733670074,0.5101368781869919,1.3551568628929432e-06,1.3551568628929434e-05
31,2,21,0.5192576058519384,0.4830221243782333,0.5558268229166666,0.5876660341555977,0.5557160228163722,0.512529296408425,0.5553844257056187,0.4180221930757824,0.7491658404029032,0.520873459093179,9.549150281252633e-07,9.549150281252635e-06
32,2,22,0.5136689755114882,0.5172673576244593,0.5559895833333334,0.5132827324478179,0.5547517294929796,0.5131001131784179,0.5544714422365974,0.3957621768311972,0.7484337938805207,0.48915134836231666,6.184665997806822e-07,6.184665997806822e-06
33,2,23,0.5141631471827471,,0.5562337239583334,0.5165085388994307,0.5573815199949363,0.5184344183021684,0.5563314310154015,0.4054006997950075,0.7490242158570556,0.4993523532473173,3.511175705587433e-07,3.5111757055874332e-06
34,2,24,0.5113535595786137,0.49089387483343455,0.5592447916666666,0.5379506641366224,0.5593923988501915,0.5048518989337343,0.5589672136828909,0.41293637923214527,0.7507048998419945,0.5174136980632787,1.5708419435684518e-07,1.570841943568452e-06
35,2,25,0.5130184411924953,,0.5544840494791666,0.5136622390891841,0.5552321289927684,0.5120698232295442,0.555307939547226,0.3965678928450155,0.7494428803218474,0.4805541927790986,3.9426493427611177e-08,3.942649342761118e-07
